sample_id	cohort	taxon	assembly_dir	assembly_url	assembly_filename	assembly_md5	assembly_size_bytes	annotation_url	annotation_filename	annotation_md5	annotation_size_bytes	annotation_status	model	accession	notice_url
B73	NAM	Zea mays subsp. mays	Zm-B73-REFERENCE-NAM-5.0	https://download.maizegdb.org/Genomes/NAM_Founders/Zm-B73-REFERENCE-NAM-5.0/Zm-B73-REFERENCE-NAM-5.0.fa.gz	Zm-B73-REFERENCE-NAM-5.0.fa.gz	8efe28f60e4415df7d7870e448f96c09	645548281	https://download.maizegdb.org/Genomes/NAM_Founders/Zm-B73-REFERENCE-NAM-5.0/Zm-B73-REFERENCE-NAM-5.0_Zm00001eb.1.gff3	Zm-B73-REFERENCE-NAM-5.0_Zm00001eb.1.gff3	f871ea0778b4f12992b3ee9ebb67d4b6	159777289	official	Zm00001eb.1	GCA_902167145.1;GCF_902167145.1	https://catalog.data.gov/dataset/maizegdb
B97	NAM	Zea mays subsp. mays	Zm-B97-REFERENCE-NAM-1.0	https://download.maizegdb.org/Genomes/NAM_Founders/Zm-B97-REFERENCE-NAM-1.0/Zm-B97-REFERENCE-NAM-1.0.fa.gz	Zm-B97-REFERENCE-NAM-1.0.fa.gz	16d95f3a6e7ea6646dd4433e46b77dca	658928872	https://download.maizegdb.org/Genomes/NAM_Founders/Zm-B97-REFERENCE-NAM-1.0/Zm-B97-REFERENCE-NAM-1.0_Zm00018ab.1.gff3.gz	Zm-B97-REFERENCE-NAM-1.0_Zm00018ab.1.gff3.gz	29cf1c7d6408912a7a1884054097113f	12035979	official	Zm00018ab.1	GCA_902167075.1	https://catalog.data.gov/dataset/maizegdb
CML103	NAM	Zea mays subsp. mays	Zm-CML103-REFERENCE-NAM-1.0	https://download.maizegdb.org/Genomes/NAM_Founders/Zm-CML103-REFERENCE-NAM-1.0/Zm-CML103-REFERENCE-NAM-1.0.fa.gz	Zm-CML103-REFERENCE-NAM-1.0.fa.gz	3bb6694b8d0cb8f26161af1485f68790	654281582	https://download.maizegdb.org/Genomes/NAM_Founders/Zm-CML103-REFERENCE-NAM-1.0/Zm-CML103-REFERENCE-NAM-1.0_Zm00021ab.1.gff3.gz	Zm-CML103-REFERENCE-NAM-1.0_Zm00021ab.1.gff3.gz	f9284c5ed118f48e78f90245964da521	11954431	official	Zm00021ab.1	GCA_902167055.1	https://catalog.data.gov/dataset/maizegdb
CML228	NAM	Zea mays subsp. mays	Zm-CML228-REFERENCE-NAM-1.0	https://download.maizegdb.org/Genomes/NAM_Founders/Zm-CML228-REFERENCE-NAM-1.0/Zm-CML228-REFERENCE-NAM-1.0.fa.gz	Zm-CML228-REFERENCE-NAM-1.0.fa.gz	be97ebd92bc0bca5fd5580aa27ab4208	688206108	https://download.maizegdb.org/Genomes/NAM_Founders/Zm-CML228-REFERENCE-NAM-1.0/Zm-CML228-REFERENCE-NAM-1.0_Zm00022ab.1.gff3.gz	Zm-CML228-REFERENCE-NAM-1.0_Zm00022ab.1.gff3.gz	25415d48476de3e5c7f1f332ee977940	9212887	official	Zm00022ab.1	GCA_902167155.1	https://catalog.data.gov/dataset/maizegdb
CML247	NAM	Zea mays subsp. mays	Zm-CML247-REFERENCE-NAM-1.0	https://download.maizegdb.org/Genomes/NAM_Founders/Zm-CML247-REFERENCE-NAM-1.0/Zm-CML247-REFERENCE-NAM-1.0.fa.gz	Zm-CML247-REFERENCE-NAM-1.0.fa.gz	5f656cf758a73a89fa035507d0653436	666936986	https://download.maizegdb.org/Genomes/NAM_Founders/Zm-CML247-REFERENCE-NAM-1.0/Zm-CML247-REFERENCE-NAM-1.0_Zm00023ab.1.gff3.gz	Zm-CML247-REFERENCE-NAM-1.0_Zm00023ab.1.gff3.gz	6dada2e4b38fe652508d80130af80a48	12032926	official	Zm00023ab.1	GCA_902166975.1	https://catalog.data.gov/dataset/maizegdb
CML277	NAM	Zea mays subsp. mays	Zm-CML277-REFERENCE-NAM-1.0	https://download.maizegdb.org/Genomes/NAM_Founders/Zm-CML277-REFERENCE-NAM-1.0/Zm-CML277-REFERENCE-NAM-1.0.fa.gz	Zm-CML277-REFERENCE-NAM-1.0.fa.gz	b11e3d90e1d912a7265077762f61fc24	661638355	https://download.maizegdb.org/Genomes/NAM_Founders/Zm-CML277-REFERENCE-NAM-1.0/Zm-CML277-REFERENCE-NAM-1.0_Zm00024ab.1.gff3.gz	Zm-CML277-REFERENCE-NAM-1.0_Zm00024ab.1.gff3.gz	554e6a7104f62117e0de4e33a569b7a0	8978532	official	Zm00024ab.1	GCA_902166985.1	https://catalog.data.gov/dataset/maizegdb
CML322	NAM	Zea mays subsp. mays	Zm-CML322-REFERENCE-NAM-1.0	https://download.maizegdb.org/Genomes/NAM_Founders/Zm-CML322-REFERENCE-NAM-1.0/Zm-CML322-REFERENCE-NAM-1.0.fa.gz	Zm-CML322-REFERENCE-NAM-1.0.fa.gz	6f7f767dad05f09cf11d0c6412f33d29	664864171	https://download.maizegdb.org/Genomes/NAM_Founders/Zm-CML322-REFERENCE-NAM-1.0/Zm-CML322-REFERENCE-NAM-1.0_Zm00025ab.1.gff3.gz	Zm-CML322-REFERENCE-NAM-1.0_Zm00025ab.1.gff3.gz	edc8aae04cbe7a426e3bb74bde142906	12006155	official	Zm00025ab.1	GCA_902167095.1	https://catalog.data.gov/dataset/maizegdb
CML333	NAM	Zea mays subsp. mays	Zm-CML333-REFERENCE-NAM-1.0	https://download.maizegdb.org/Genomes/NAM_Founders/Zm-CML333-REFERENCE-NAM-1.0/Zm-CML333-REFERENCE-NAM-1.0.fa.gz	Zm-CML333-REFERENCE-NAM-1.0.fa.gz	f25a8f1f83888e0b3097590478d20649	669361978	https://download.maizegdb.org/Genomes/NAM_Founders/Zm-CML333-REFERENCE-NAM-1.0/Zm-CML333-REFERENCE-NAM-1.0_Zm00026ab.1.gff3.gz	Zm-CML333-REFERENCE-NAM-1.0_Zm00026ab.1.gff3.gz	7142ba8ba8b2b17eae7fbc9a8be0c50c	11920718	official	Zm00026ab.1	GCA_902167025.1	https://catalog.data.gov/dataset/maizegdb
CML52	NAM	Zea mays subsp. mays	Zm-CML52-REFERENCE-NAM-1.0	https://download.maizegdb.org/Genomes/NAM_Founders/Zm-CML52-REFERENCE-NAM-1.0/Zm-CML52-REFERENCE-NAM-1.0.fa.gz	Zm-CML52-REFERENCE-NAM-1.0.fa.gz	8fdfd5bba5afd3ddeb931a1cb109b4bd	691841851	https://download.maizegdb.org/Genomes/NAM_Founders/Zm-CML52-REFERENCE-NAM-1.0/Zm-CML52-REFERENCE-NAM-1.0_Zm00019ab.1.gff3.gz	Zm-CML52-REFERENCE-NAM-1.0_Zm00019ab.1.gff3.gz	0fbb1e52514da158f5a2a72864f75f4e	11953808	official	Zm00019ab.1	GCA_902373975.1	https://catalog.data.gov/dataset/maizegdb
CML69	NAM	Zea mays subsp. mays	Zm-CML69-REFERENCE-NAM-1.0	https://download.maizegdb.org/Genomes/NAM_Founders/Zm-CML69-REFERENCE-NAM-1.0/Zm-CML69-REFERENCE-NAM-1.0.fa.gz	Zm-CML69-REFERENCE-NAM-1.0.fa.gz	2336ddba368dd9a7ce198f9e07091407	668277849	https://download.maizegdb.org/Genomes/NAM_Founders/Zm-CML69-REFERENCE-NAM-1.0/Zm-CML69-REFERENCE-NAM-1.0_Zm00020ab.1.gff3.gz	Zm-CML69-REFERENCE-NAM-1.0_Zm00020ab.1.gff3.gz	369a31e110e0b4c2d88c740176710388	12070919	official	Zm00020ab.1	GCA_902167135.1	https://catalog.data.gov/dataset/maizegdb
HP301	NAM	Zea mays subsp. mays	Zm-HP301-REFERENCE-NAM-1.0	https://download.maizegdb.org/Genomes/NAM_Founders/Zm-HP301-REFERENCE-NAM-1.0/Zm-HP301-REFERENCE-NAM-1.0.fa.gz	Zm-HP301-REFERENCE-NAM-1.0.fa.gz	32dd58ee288806b3930035cd79251f90	649378564	https://download.maizegdb.org/Genomes/NAM_Founders/Zm-HP301-REFERENCE-NAM-1.0/Zm-HP301-REFERENCE-NAM-1.0_Zm00027ab.1.gff3.gz	Zm-HP301-REFERENCE-NAM-1.0_Zm00027ab.1.gff3.gz	1d38e9769ff00bb6eae764c0efc8ca7f	11950075	official	Zm00027ab.1	GCA_902167085.1	https://catalog.data.gov/dataset/maizegdb
Il14H	NAM	Zea mays subsp. mays	Zm-Il14H-REFERENCE-NAM-1.0	https://download.maizegdb.org/Genomes/NAM_Founders/Zm-Il14H-REFERENCE-NAM-1.0/Zm-Il14H-REFERENCE-NAM-1.0.fa.gz	Zm-Il14H-REFERENCE-NAM-1.0.fa.gz	267f6b128f2920ee314b70cc45327bec	645696806	https://download.maizegdb.org/Genomes/NAM_Founders/Zm-Il14H-REFERENCE-NAM-1.0/Zm-Il14H-REFERENCE-NAM-1.0_Zm00028ab.1.gff3.gz	Zm-Il14H-REFERENCE-NAM-1.0_Zm00028ab.1.gff3.gz	1902dfffb879db190df356404128a1d0	11947857	official	Zm00028ab.1	GCA_902167065.1	https://catalog.data.gov/dataset/maizegdb
Ki11	NAM	Zea mays subsp. mays	Zm-Ki11-REFERENCE-NAM-1.0	https://download.maizegdb.org/Genomes/NAM_Founders/Zm-Ki11-REFERENCE-NAM-1.0/Zm-Ki11-REFERENCE-NAM-1.0.fa.gz	Zm-Ki11-REFERENCE-NAM-1.0.fa.gz	c30d497b4bc496f3bfc30d8c90bcb814	675569104	https://download.maizegdb.org/Genomes/NAM_Founders/Zm-Ki11-REFERENCE-NAM-1.0/Zm-Ki11-REFERENCE-NAM-1.0_Zm00030ab.1.gff3.gz	Zm-Ki11-REFERENCE-NAM-1.0_Zm00030ab.1.gff3.gz	65dd3926123296c0462ba4528d199230	11843372	official	Zm00030ab.1	GCA_902167115.1	https://catalog.data.gov/dataset/maizegdb
Ki3	NAM	Zea mays subsp. mays	Zm-Ki3-REFERENCE-NAM-1.0	https://download.maizegdb.org/Genomes/NAM_Founders/Zm-Ki3-REFERENCE-NAM-1.0/Zm-Ki3-REFERENCE-NAM-1.0.fa.gz	Zm-Ki3-REFERENCE-NAM-1.0.fa.gz	20657fd5241e394b10e77aef934b625e	666136176	https://download.maizegdb.org/Genomes/NAM_Founders/Zm-Ki3-REFERENCE-NAM-1.0/Zm-Ki3-REFERENCE-NAM-1.0_Zm00029ab.1.gff3.gz	Zm-Ki3-REFERENCE-NAM-1.0_Zm00029ab.1.gff3.gz	289f20e146428837b938cf396df6cbcd	12084937	official	Zm00029ab.1	GCA_902167105.1	https://catalog.data.gov/dataset/maizegdb
Ky21	NAM	Zea mays subsp. mays	Zm-Ky21-REFERENCE-NAM-1.0	https://download.maizegdb.org/Genomes/NAM_Founders/Zm-Ky21-REFERENCE-NAM-1.0/Zm-Ky21-REFERENCE-NAM-1.0.fa.gz	Zm-Ky21-REFERENCE-NAM-1.0.fa.gz	01556aa34e38f1b5089692a85a86ac46	656314038	https://download.maizegdb.org/Genomes/NAM_Founders/Zm-Ky21-REFERENCE-NAM-1.0/Zm-Ky21-REFERENCE-NAM-1.0_Zm00031ab.1.gff3.gz	Zm-Ky21-REFERENCE-NAM-1.0_Zm00031ab.1.gff3.gz	e8f003f01fc1ccb54b12370f7e22117f	12186244	official	Zm00031ab.1	GCA_902167045.1	https://catalog.data.gov/dataset/maizegdb
M162W	NAM	Zea mays subsp. mays	Zm-M162W-REFERENCE-NAM-1.0	https://download.maizegdb.org/Genomes/NAM_Founders/Zm-M162W-REFERENCE-NAM-1.0/Zm-M162W-REFERENCE-NAM-1.0.fa.gz	Zm-M162W-REFERENCE-NAM-1.0.fa.gz	019adc97550c48253f7ef28fc6964ce4	658910343	https://download.maizegdb.org/Genomes/NAM_Founders/Zm-M162W-REFERENCE-NAM-1.0/Zm-M162W-REFERENCE-NAM-1.0_Zm00033ab.1.gff3.gz	Zm-M162W-REFERENCE-NAM-1.0_Zm00033ab.1.gff3.gz	466842a4c6cefe1dc08a343ab4cee8d5	12111816	official	Zm00033ab.1	GCA_902166995.1	https://catalog.data.gov/dataset/maizegdb
M37W	NAM	Zea mays subsp. mays	Zm-M37W-REFERENCE-NAM-1.0	https://download.maizegdb.org/Genomes/NAM_Founders/Zm-M37W-REFERENCE-NAM-1.0/Zm-M37W-REFERENCE-NAM-1.0.fa.gz	Zm-M37W-REFERENCE-NAM-1.0.fa.gz	0aa103bb87e3d49bc2487a74f2b0e5a0	661607077	https://download.maizegdb.org/Genomes/NAM_Founders/Zm-M37W-REFERENCE-NAM-1.0/Zm-M37W-REFERENCE-NAM-1.0_Zm00032ab.1.gff3.gz	Zm-M37W-REFERENCE-NAM-1.0_Zm00032ab.1.gff3.gz	fa73367054dd956b5c1ba9351439b075	12129290	official	Zm00032ab.1	GCA_902167175.1	https://catalog.data.gov/dataset/maizegdb
Mo18W	NAM	Zea mays subsp. mays	Zm-Mo18W-REFERENCE-NAM-1.0	https://download.maizegdb.org/Genomes/NAM_Founders/Zm-Mo18W-REFERENCE-NAM-1.0/Zm-Mo18W-REFERENCE-NAM-1.0.fa.gz	Zm-Mo18W-REFERENCE-NAM-1.0.fa.gz	472e89c3c53b7269e36e675b05be2ac1	664561857	https://download.maizegdb.org/Genomes/NAM_Founders/Zm-Mo18W-REFERENCE-NAM-1.0/Zm-Mo18W-REFERENCE-NAM-1.0_Zm00034ab.1.gff3.gz	Zm-Mo18W-REFERENCE-NAM-1.0_Zm00034ab.1.gff3.gz	266123e75812ed17ddf8d118781c77cf	12217565	official	Zm00034ab.1	GCA_902167165.1	https://catalog.data.gov/dataset/maizegdb
Ms71	NAM	Zea mays subsp. mays	Zm-Ms71-REFERENCE-NAM-1.0	https://download.maizegdb.org/Genomes/NAM_Founders/Zm-Ms71-REFERENCE-NAM-1.0/Zm-Ms71-REFERENCE-NAM-1.0.fa.gz	Zm-Ms71-REFERENCE-NAM-1.0.fa.gz	844cc8ab3f89838812648478e6e61f96	665954995	https://download.maizegdb.org/Genomes/NAM_Founders/Zm-Ms71-REFERENCE-NAM-1.0/Zm-Ms71-REFERENCE-NAM-1.0_Zm00035ab.1.gff3.gz	Zm-Ms71-REFERENCE-NAM-1.0_Zm00035ab.1.gff3.gz	37d50036b7e4459cfa4c7650f2729203	12178211	official	Zm00035ab.1	GCA_902167375.1	https://catalog.data.gov/dataset/maizegdb
NC350	NAM	Zea mays subsp. mays	Zm-NC350-REFERENCE-NAM-1.0	https://download.maizegdb.org/Genomes/NAM_Founders/Zm-NC350-REFERENCE-NAM-1.0/Zm-NC350-REFERENCE-NAM-1.0.fa.gz	Zm-NC350-REFERENCE-NAM-1.0.fa.gz	c17eee337a8852adc175b2dd0174d96e	679438439	https://download.maizegdb.org/Genomes/NAM_Founders/Zm-NC350-REFERENCE-NAM-1.0/Zm-NC350-REFERENCE-NAM-1.0_Zm00036ab.1.gff3.gz	Zm-NC350-REFERENCE-NAM-1.0_Zm00036ab.1.gff3.gz	3594681675b87c1387bc68f5b4e15f56	12074661	official	Zm00036ab.1	GCA_902167005.1	https://catalog.data.gov/dataset/maizegdb
NC358	NAM	Zea mays subsp. mays	Zm-NC358-REFERENCE-NAM-1.0	https://download.maizegdb.org/Genomes/NAM_Founders/Zm-NC358-REFERENCE-NAM-1.0/Zm-NC358-REFERENCE-NAM-1.0.fa.gz	Zm-NC358-REFERENCE-NAM-1.0.fa.gz	72d17f8856f77980a1de47cafaa3e4f0	667837493	https://download.maizegdb.org/Genomes/NAM_Founders/Zm-NC358-REFERENCE-NAM-1.0/Zm-NC358-REFERENCE-NAM-1.0_Zm00037ab.1.gff3.gz	Zm-NC358-REFERENCE-NAM-1.0_Zm00037ab.1.gff3.gz	ccf85f04cc980d773ce8ec62f7b0b63c	12000283	official	Zm00037ab.1	GCA_902167035.1	https://catalog.data.gov/dataset/maizegdb
Oh43	NAM	Zea mays subsp. mays	Zm-Oh43-REFERENCE-NAM-1.0	https://download.maizegdb.org/Genomes/NAM_Founders/Zm-Oh43-REFERENCE-NAM-1.0/Zm-Oh43-REFERENCE-NAM-1.0.fa.gz	Zm-Oh43-REFERENCE-NAM-1.0.fa.gz	b7dcb5c2f5d35c93ffbf7f39800d63c2	657756740	https://download.maizegdb.org/Genomes/NAM_Founders/Zm-Oh43-REFERENCE-NAM-1.0/Zm-Oh43-REFERENCE-NAM-1.0_Zm00039ab.1.gff3.gz	Zm-Oh43-REFERENCE-NAM-1.0_Zm00039ab.1.gff3.gz	1bfdac707d1b6145c0dbfdef97a5b9c8	12028787	official	Zm00039ab.1	GCA_902167015.1	https://catalog.data.gov/dataset/maizegdb
Oh7B	NAM	Zea mays subsp. mays	Zm-Oh7B-REFERENCE-NAM-1.0	https://download.maizegdb.org/Genomes/NAM_Founders/Zm-Oh7B-REFERENCE-NAM-1.0/Zm-Oh7B-REFERENCE-NAM-1.0.fa.gz	Zm-Oh7B-REFERENCE-NAM-1.0.fa.gz	a97953df47fb2affc2bc055bdcba5810	654311186	https://download.maizegdb.org/Genomes/NAM_Founders/Zm-Oh7B-REFERENCE-NAM-1.0/Zm-Oh7B-REFERENCE-NAM-1.0_Zm00038ab.1.gff3.gz	Zm-Oh7B-REFERENCE-NAM-1.0_Zm00038ab.1.gff3.gz	2eeda71b129abdc053d9bf8b7405bd28	12079439	official	Zm00038ab.1	GCA_902166955.1	https://catalog.data.gov/dataset/maizegdb
P39	NAM	Zea mays subsp. mays	Zm-P39-REFERENCE-NAM-1.0	https://download.maizegdb.org/Genomes/NAM_Founders/Zm-P39-REFERENCE-NAM-1.0/Zm-P39-REFERENCE-NAM-1.0.fa.gz	Zm-P39-REFERENCE-NAM-1.0.fa.gz	0b3acbb6c09743388656770ab939ce67	648099079	https://download.maizegdb.org/Genomes/NAM_Founders/Zm-P39-REFERENCE-NAM-1.0/Zm-P39-REFERENCE-NAM-1.0_Zm00040ab.1.gff3.gz	Zm-P39-REFERENCE-NAM-1.0_Zm00040ab.1.gff3.gz	172c8b1398fdd2c74b6f75cd8f669365	12164007	official	Zm00040ab.1	GCA_902166965.1	https://catalog.data.gov/dataset/maizegdb
Tx303	NAM	Zea mays subsp. mays	Zm-Tx303-REFERENCE-NAM-1.0	https://download.maizegdb.org/Genomes/NAM_Founders/Zm-Tx303-REFERENCE-NAM-1.0/Zm-Tx303-REFERENCE-NAM-1.0.fa.gz	Zm-Tx303-REFERENCE-NAM-1.0.fa.gz	bf2cb382bfb569c75a132ec6fe06848c	663745082	https://download.maizegdb.org/Genomes/NAM_Founders/Zm-Tx303-REFERENCE-NAM-1.0/Zm-Tx303-REFERENCE-NAM-1.0_Zm00041ab.1.gff3.gz	Zm-Tx303-REFERENCE-NAM-1.0_Zm00041ab.1.gff3.gz	5eeaaca73b755ce41429c4538a9423c7	12151998	official	Zm00041ab.1	GCA_902167205.1	https://catalog.data.gov/dataset/maizegdb
Tzi8	NAM	Zea mays subsp. mays	Zm-Tzi8-REFERENCE-NAM-1.0	https://download.maizegdb.org/Genomes/NAM_Founders/Zm-Tzi8-REFERENCE-NAM-1.0/Zm-Tzi8-REFERENCE-NAM-1.0.fa.gz	Zm-Tzi8-REFERENCE-NAM-1.0.fa.gz	2232a36d43aad8c1be1aa881909a8cd8	682215803	https://download.maizegdb.org/Genomes/NAM_Founders/Zm-Tzi8-REFERENCE-NAM-1.0/Zm-Tzi8-REFERENCE-NAM-1.0_Zm00042ab.1.gff3.gz	Zm-Tzi8-REFERENCE-NAM-1.0_Zm00042ab.1.gff3.gz	63abe20877f8a336317b304f01b23242	12362215	official	Zm00042ab.1	GCA_902167185.1	https://catalog.data.gov/dataset/maizegdb
Zd-Gigi	PanAnd	Zea diploperennis	Zd-Gigi-REFERENCE-PanAnd-1.0	https://download.maizegdb.org/Genomes/PanAnd/Zd-Gigi-REFERENCE-PanAnd-1.0/Zd-Gigi-REFERENCE-PanAnd-1.0.fa.gz	Zd-Gigi-REFERENCE-PanAnd-1.0.fa.gz	c1bd6ff76399080aa8b41f1ad79f6c30	937538219	https://download.maizegdb.org/Genomes/PanAnd/Zd-Gigi-REFERENCE-PanAnd-1.0/Zd-Gigi-REFERENCE-PanAnd-1.0_Zd00001ab.1.gff3.gz	Zd-Gigi-REFERENCE-PanAnd-1.0_Zd00001ab.1.gff3.gz	f4b0aca1b34f85e4b41f58250d316be9	18379216	official	Zd00001ab.1	MaizeGDB:Zd-Gigi-REFERENCE-PanAnd-1.0	https://download.maizegdb.org/Genomes/PanAnd/Zd-Momo-REFERENCE-PanAnd-1.0/TORONTO_AGREEMENT
Zd-Momo	PanAnd	Zea diploperennis	Zd-Momo-REFERENCE-PanAnd-1.0	https://download.maizegdb.org/Genomes/PanAnd/Zd-Momo-REFERENCE-PanAnd-1.0/Zd-Momo-REFERENCE-PanAnd-1.0.fa.gz	Zd-Momo-REFERENCE-PanAnd-1.0.fa.gz	866a8b580f3fa71bfd3dc3c5bc762596	752983202	https://download.maizegdb.org/Genomes/PanAnd/Zd-Momo-REFERENCE-PanAnd-1.0/Zd-Momo-REFERENCE-PanAnd-1.0_Zd00003ab.1.gff3.gz	Zd-Momo-REFERENCE-PanAnd-1.0_Zd00003ab.1.gff3.gz	40f429de9c19ea8912ec70355d53365a	15652437	official	Zd00003ab.1	MaizeGDB:Zd-Momo-REFERENCE-PanAnd-1.0	https://download.maizegdb.org/Genomes/PanAnd/Zd-Momo-REFERENCE-PanAnd-1.0/TORONTO_AGREEMENT
Zh-RIMHU001	PanAnd	Zea mays subsp. huehuetenangensis	Zh-RIMHU001-REFERENCE-PanAnd-1.0	https://download.maizegdb.org/Genomes/PanAnd/Zh-RIMHU001-REFERENCE-PanAnd-1.0/Zh-RIMHU001-REFERENCE-PanAnd-1.0.fa.gz	Zh-RIMHU001-REFERENCE-PanAnd-1.0.fa.gz	fb88d3fcce17a429a0e29a4c2660687a	715527589	https://download.maizegdb.org/Genomes/PanAnd/Zh-RIMHU001-REFERENCE-PanAnd-1.0/Zh-RIMHU001-REFERENCE-PanAnd-1.0_Zh00001ab.1.gff3.gz	Zh-RIMHU001-REFERENCE-PanAnd-1.0_Zh00001ab.1.gff3.gz	d8a0cba24a5194f43ef11a33ae869845	13712969	official	Zh00001ab.1	MaizeGDB:Zh-RIMHU001-REFERENCE-PanAnd-1.0	https://download.maizegdb.org/Genomes/PanAnd/Zd-Momo-REFERENCE-PanAnd-1.0/TORONTO_AGREEMENT
Zn-PI615697	PanAnd	Zea nicaraguensis	Zn-PI615697-REFERENCE-PanAnd-1.0	https://download.maizegdb.org/Genomes/PanAnd/Zn-PI615697-REFERENCE-PanAnd-1.0/Zn-PI615697-REFERENCE-PanAnd-1.0.fa.gz	Zn-PI615697-REFERENCE-PanAnd-1.0.fa.gz	7b03c75013867a8d5da26ed418ca62ee	1069309318	https://download.maizegdb.org/Genomes/PanAnd/Zn-PI615697-REFERENCE-PanAnd-1.0/Zn-PI615697-REFERENCE-PanAnd-1.0_Zn00001ab.1.gff3.gz	Zn-PI615697-REFERENCE-PanAnd-1.0_Zn00001ab.1.gff3.gz	2f2cf2cdadc2f1f944a9432b2a2fb27a	14814488	official	Zn00001ab.1	MaizeGDB:Zn-PI615697-REFERENCE-PanAnd-1.0	https://download.maizegdb.org/Genomes/PanAnd/Zd-Momo-REFERENCE-PanAnd-1.0/TORONTO_AGREEMENT
Zv-TIL01	PanAnd	Zea mays subsp. parviglumis	Zv-TIL01-REFERENCE-PanAnd-1.0	https://download.maizegdb.org/Genomes/PanAnd/Zv-TIL01-REFERENCE-PanAnd-1.0/Zv-TIL01-REFERENCE-PanAnd-1.0.fa.gz	Zv-TIL01-REFERENCE-PanAnd-1.0.fa.gz	6d681540ac2547ce9ce6b5037d658bb3	721567793	https://download.maizegdb.org/Genomes/PanAnd/Zv-TIL01-REFERENCE-PanAnd-1.0/Zv-TIL01-REFERENCE-PanAnd-1.0_Zv00001ab.1.gff3.gz	Zv-TIL01-REFERENCE-PanAnd-1.0_Zv00001ab.1.gff3.gz	1408c8578ab2c51e23bb01488a1dacb7	14476432	official	Zv00001ab.1	MaizeGDB:Zv-TIL01-REFERENCE-PanAnd-1.0	https://download.maizegdb.org/Genomes/PanAnd/Zd-Momo-REFERENCE-PanAnd-1.0/TORONTO_AGREEMENT
Zv-TIL11	PanAnd	Zea mays subsp. parviglumis	Zv-TIL11-REFERENCE-PanAnd-1.0	https://download.maizegdb.org/Genomes/PanAnd/Zv-TIL11-REFERENCE-PanAnd-1.0/Zv-TIL11-REFERENCE-PanAnd-1.0.fa.gz	Zv-TIL11-REFERENCE-PanAnd-1.0.fa.gz	80c2a3dc1b4e1cde1da778382bddf664	691849200	https://download.maizegdb.org/Genomes/PanAnd/Zv-TIL11-REFERENCE-PanAnd-1.0/Zv-TIL11-REFERENCE-PanAnd-1.0_Zv00002ab.1.gff3.gz	Zv-TIL11-REFERENCE-PanAnd-1.0_Zv00002ab.1.gff3.gz	4f72b86214974b76e0aef7948f8d902e	13847774	official	Zv00002ab.1	MaizeGDB:Zv-TIL11-REFERENCE-PanAnd-1.0	https://download.maizegdb.org/Genomes/PanAnd/Zd-Momo-REFERENCE-PanAnd-1.0/TORONTO_AGREEMENT
Zx-TIL18	PanAnd	Zea mays subsp. mexicana	Zx-TIL18-REFERENCE-PanAnd-1.0	https://download.maizegdb.org/Genomes/PanAnd/Zx-TIL18-REFERENCE-PanAnd-1.0/Zx-TIL18-REFERENCE-PanAnd-1.0.fa.gz	Zx-TIL18-REFERENCE-PanAnd-1.0.fa.gz	afd7c3fb17259354dee9354f50db2dcd	671582920	https://download.maizegdb.org/Genomes/PanAnd/Zx-TIL18-REFERENCE-PanAnd-1.0/Zx-TIL18-REFERENCE-PanAnd-1.0_Zx00002ab.1.gff3.gz	Zx-TIL18-REFERENCE-PanAnd-1.0_Zx00002ab.1.gff3.gz	6aa7d902ff616e965d46e7eb82530354	12995148	official	Zx00002ab.1	MaizeGDB:Zx-TIL18-REFERENCE-PanAnd-1.0	https://download.maizegdb.org/Genomes/PanAnd/Zd-Momo-REFERENCE-PanAnd-1.0/TORONTO_AGREEMENT
Zx-TIL25	PanAnd	Zea mays subsp. mexicana	Zx-TIL25-REFERENCE-PanAnd-1.0	https://download.maizegdb.org/Genomes/PanAnd/Zx-TIL25-REFERENCE-PanAnd-1.0/Zx-TIL25-REFERENCE-PanAnd-1.0.fa.gz	Zx-TIL25-REFERENCE-PanAnd-1.0.fa.gz	a6e55a0ff37d4a2d535ec93108f8d514	625764926	https://download.maizegdb.org/Genomes/PanAnd/Zx-TIL25-REFERENCE-PanAnd-1.0/Zx-TIL25-REFERENCE-PanAnd-1.0_Zx00003ab.1.gff3.gz	Zx-TIL25-REFERENCE-PanAnd-1.0_Zx00003ab.1.gff3.gz	MISSING_IN_SOURCE_MANIFEST	12970685	official_checksum_missing	Zx00003ab.1	MaizeGDB:Zx-TIL25-REFERENCE-PanAnd-1.0	https://download.maizegdb.org/Genomes/PanAnd/Zd-Momo-REFERENCE-PanAnd-1.0/TORONTO_AGREEMENT
Zl-RIL003	PanAnd	Zea luxurians	Zl-RIL003-REFERENCE-PanAnd-1.0	https://download.maizegdb.org/Genomes/PanAnd/Zl-RIL003-REFERENCE-PanAnd-1.0/Zl-RIL003-REFERENCE-PanAnd-1.0.fa.gz	Zl-RIL003-REFERENCE-PanAnd-1.0.fa.gz	05d65a130afe4aa8fd286558e90ee509	920297377					assembly_only		MaizeGDB:Zl-RIL003-REFERENCE-PanAnd-1.0	https://download.maizegdb.org/Genomes/PanAnd/Zl-RIL003-REFERENCE-PanAnd-1.0/TORONTO_AGREEMENT
